{"options":{"check_for_updates":false,"comment":null,"compatopts_for_requires":true,"compat_wrappedjsobject":false,"compat_metadata":false,"compat_foreach":false,"compat_arrayleft":false,"compat_uW_gmonkey":false,"compat_forvarin":false,"noframes":null,"awareOfChrome":false,"run_at":null,"override":{"use_includes":[],"orig_includes":["https://event.mi.com/tw/sales2018/*"],"merge_includes":true,"use_matches":[],"orig_matches":["https://event.mi.com/tw/sales2018/super-sales-day"],"merge_matches":true,"use_excludes":[],"orig_excludes":[],"merge_excludes":true,"use_connects":[],"merge_connects":true,"use_blockers":[],"orig_run_at":"document-idle","orig_noframes":null,"orig_connects":[]}},"settings":{"enabled":true,"position":1},"meta":{"name":"小米1111 搶折價卷","uuid":"6f74028c-f669-45f7-98f6-7d48c5e02745","modified":1541570996298,"file_url":"https://greasyfork.org/scripts/374012-%E5%B0%8F%E7%B1%B3%E6%90%B6%E6%8A%98%E5%83%B9%E5%8D%B7/code/%E5%B0%8F%E7%B1%B3%E6%90%B6%E6%8A%98%E5%83%B9%E5%8D%B7.user.js"}}